customer_state,customer_unique_id,total_spent,spend_rank
AC,62a459e5629b03dd73134964df732077,1251.70,1
AC,086d6b5b5ba195a91aa0a6ec8e75d1a4,995.18,2
AC,3947ca729a860c522a64a49d762baada,905.93,3
AC,3e5c928acf49c4b95e57af1f350d3493,861.26,4
AC,28989ef45087c96e5a4346e88216c2ba,723.15,5
AC,12e92c0f870fc6941c2bfafae6357c4b,646.44,6
AC,22c739518f5240ffd2f80e0087aebe26,618.60,7
AC,0845d810b482f4d469d3c88380f4a7d5,595.49,8
AC,c6bc2bf4b75f3f9da5ce95971a2f463b,591.88,9
AC,2ec67750cd5b985538c03061ebee01ef,548.93,10
AL,03adb96012772d4374285b6a701f3da9,2269.98,1
AL,9b661514ad84d0489ac73d9e24cbf169,1942.00,2
AL,5a1f8efaa6ce666e9622bf2e22c42aac,1658.81,3
AL,87c9e7ba960e4c2e6bd786b162adc639,1653.98,4
AL,3d16152c514410c047904cd433439892,1650.56,5
AL,361dc89b24a5dc808b2803a1ac33ff3f,1518.55,6
AL,aa4e2575d36a7b89546ca2e4087e9396,1359.40,7
AL,e0ec68a8b0e7ef75d72bc0dc54aba121,1257.96,8
AL,7b7a886f0445009847efbd1fac86c093,1227.89,9
AL,e6e1fd539bd2d78fcfb9c24ba6e1dcf5,1063.09,10
AM,23841d4abf4583dec7773f3bd2fe267d,1853.75,1
AM,64b97e6d3c070dd372d6310ff2c632f7,1384.74,2
AM,dff33bfc45ae0becc55ce9b50acd4073,1275.77,3
AM,3246cc1ffb8b0e719e5ba4db0443185d,1259.04,4
AM,f50b0ade21665c5b41d8d1db10ef9932,725.69,5
AM,c908c86cc48522f185aec323517b65fb,628.18,6
AM,751921e44f9db5fd14ad6a431c27024d,604.76,7
AM,a09d3cf8049c700597f6801d108d164d,592.49,8
AM,4a598c97b3c81cc5d6097dddc0c16a72,545.08,9
AM,a239b8e2fbce33780f1f1912e2ee5275,518.50,10
AP,7a44821edf14b2b2ef3ffb2c6e837e5b,1482.42,1
AP,f03553cc2a5d9a0d2b945ccf7f4c54bc,1475.08,2
AP,6f932f011a8e866d632f58cc7580a7f5,1049.53,3
AP,b3eb76b315600c9f8c3a711b6a3d1668,837.39,4
AP,1f14cece5da31d108e380c174f68f552,657.61,5
AP,bbe8686a830c0caaf68452997d73d396,605.83,6
AP,64d233b65179d3ddf11efaf73a612e8d,466.20,7
AP,79e8da40d2295512051a82eda0663058,425.24,8
AP,b473037c9a5238bb73f2392b19f203ba,383.05,9
AP,c9e24d1044102ec9b590df097e3dcdc0,331.68,10
BA,76a08544f95591acec0d4c976054c459,3358.24,1
BA,be825ddd3b40db3f91bf05b4e9435d56,3122.72,2
BA,ff0ae98646e7bbb41cf0f0d3991fef98,3048.27,3
BA,ae04948ad7210ea76801b331080e0b3a,3009.53,4
BA,eae0a83d752b1dd32697e0e7b4221656,2783.01,5
BA,acc38a550c42d17125cd25c32a464d26,2759.95,6
BA,fc54c2c09aee36da48881e5bf37ef795,2732.06,7
BA,60b2ec19b8c18082cdb5180106a97cb5,2692.82,8
BA,d77aa95864ae5b42160937615628723a,2450.10,9
BA,00c07da5ba0e07b4f248a3a373b07476,2304.68,10
CE,149b43a4776ea0a773ac75bc58830fb9,2734.11,1
CE,1a3a962a15f8c6ee0178e1102387d3cc,2223.12,2
CE,ac32c69c438fa163767f5aa5c4d0b6e1,1925.77,3
CE,9654d6df6a63f5a9b61dd5ba0e0d8286,1891.63,4
CE,1ee27e3ae93ad59224094a4ea0c71dc2,1869.80,5
CE,b3879dce6b4a3b94b748b6c9b567695e,1768.40,6
CE,910f0afb84bc778e856d3683c7e8a46a,1756.10,7
CE,23b8272c10c49458eac0b8626f0666ca,1643.64,8
CE,8e18da3436d8a163ab9540768a94b22d,1507.56,9
CE,7efc49d7862ee114c0ca869b439bf381,1479.51,10
DF,edf81e1f3070b9dac83ec83dacdbb9bc,4194.76,1
DF,5d09b0d82126457e2a8ebfb9c9a1ffc4,3736.22,2
DF,03796b63235e0e0a299084988c662c7e,3602.47,3
DF,8ad6fdb3d658f916f444aaf55a49bb29,2828.42,4
DF,684da9ec00ee25877fe21ce197403d04,2616.00,5
DF,14cf3e40a2b5076d2d0384a7e68ca06f,1916.08,6
DF,18360e41b00709cc7b2c6f391eff829e,1839.05,7
DF,89b692db0c2020ee873dbf261d941543,1832.54,8
DF,5993c0ed4bc51b72a8332bb7fa4303c5,1644.76,9
DF,ae4b37b37bb22e37fe34ada808837207,1643.04,10
ES,763c8b1c9c68a0229c42c9fc6f662b93,7274.88,1
ES,459bef486812aa25204be022145caa62,6922.21,2
ES,1a3d1e8b28c0ee27c23333ee108c47e6,1924.03,3
ES,c40698869e63dc7c57f3f66e767e7287,1814.29,4
ES,ac0ec8bdce394d27bc6c91549f2b5091,1798.01,5
ES,4711348768db55c57a67aba080ead566,1478.20,6
ES,fd03997c82649affc061d275ddf1f3d9,1447.02,7
ES,ecf7874aa8a2586adf6ca37fab21ecc2,1371.88,8
ES,2750ea8eaed9066e36245a18802eac17,1353.28,9
ES,fc1266d06a97ca5314f0b3d4def53a5d,1334.28,10
GO,5d0a2980b292d049061542014e8960bf,4809.44,1
GO,030a810edeec1ceea314282513023587,2794.50,2
GO,fa094305fdb6062436c99adba7d53dde,2267.28,3
GO,698e1cf81d01a3d389d96145f7fa6df8,2262.80,4
GO,9d15276f07200ca33bdd7eab12ba67ad,2220.32,5
GO,e8258022c5060b1f3d861556a17fd741,2115.79,6
GO,a7acd7f8aefc1d48f618e3f15c5e327b,2036.04,7
GO,fafe2f8e0b7065fef995698ef3809fec,1861.26,8
GO,6d3c02f03efc71b44d52999fc95fc86e,1810.50,9
GO,d3bf48abdd573e74110b3e79d7b07ed1,1770.72,10
MA,1b76903617af13189607a36b0469f6f3,3195.73,1
MA,c53a15252bb69a238a59b79c58a84bcf,2338.48,2
MA,ef7361e14a64f77990f58e9c571e2f9a,2091.33,3
MA,079ad4f138ec38e726e7d9ac51ae1410,1680.25,4
MA,67031f3c7bc5f28dd7b6344294b4ffec,1643.64,5
MA,ae06b0187a99aaeb5e845b9638936e7d,1479.51,6
MA,3e134146f147b595885be88b67d8f789,1391.89,7
MA,2592789c0e70f4d2af39afae4dd431ec,1289.00,8
MA,c83a0fac41694e3ff9ccd2bd61a1a892,1240.85,9
MA,38589c29dc87cf47d66d8410af1bebbd,1232.85,10
MG,4007669dec559734d6f53e029e360987,6081.54,1
MG,fa562ef24d41361e476e748681810e1e,4175.26,2
MG,ca27f3dac28fb1063faddd424c9d95fa,4163.51,3
MG,bc5e25094a7d51b6aee35236572e64f4,3826.80,4
MG,ce3fe361f9e68bf0a813baaae1334d01,3351.35,5
MG,53fb3435773a4690e56010b169ee2820,3155.82,6
MG,2ae8173a688e326821403a5b7a6858c2,3042.36,7
MG,c38b132f1c68c14c0d3b32e66b796eba,2838.22,8
MG,ec5d2f91c651ce345616c7035fab6f9d,2759.88,9
MG,69e4e534ba5e6a8124d132b271923148,2627.09,10
MS,dc4802a71eae9be1dd28f5d788ceb526,6929.31,1
MS,0f75637a7e2f7b6ae43665d1f7d0ca5d,3044.12,2
MS,8a8a3b96590da699865fa7e07e0e08ff,2133.69,3
MS,3d81d4e0977945889ce7eee309a884c5,2034.31,4
MS,fac9eb2c3c550f64f779646726710b59,1668.74,5
MS,ee1ab7f8a445e29acff592989e83a70a,1626.65,6
MS,856cfe0bdb5bc7fad4061781400c54da,1605.14,7
MS,650f945256ea49b526cede6f2dbb89a9,1605.14,7
MS,63923c0ec5cbc6893736efc26df5767e,1342.03,8
MS,233ceaabd644ab5ae86989bf16b4d70c,1293.27,9
MS,0a834292f8691cb3cdc64caf600c61c9,1227.98,10
MT,adfa1cab2b2c8706db21bb13c0a1beb1,3242.84,1
MT,84056c11d63b679a61f195ef043505f4,2487.24,2
MT,afc8f3a11a809a74e5eef0bda1de6b9c,2124.78,3
MT,3a205021b542565ebf170c0ec55783d9,1942.60,4
MT,bb68ab36f08cea9dece50c4d5f63e1ca,1927.38,5
MT,f6255a326ff4c43107bc0f42f433be94,1740.39,6
MT,2c32247bb780398fedc970dfa0832e25,1733.34,7
MT,dda7d094a7c887911a9f6cadf698c5b9,1724.04,8
MT,43df16fc8bbc0499aa6bf4e582dfbb66,1603.25,9
MT,3629a4b18f2eb69e03f153158e48d2cc,1586.47,10
PA,5e713be0853d8986528d7869a0811d2b,4042.74,1
PA,e79c794eb044c594d923722240125052,2252.66,2
PA,0b8f48c242246419f92b6c43b0165010,1657.11,3
PA,ffba9f9dff87b05e310ecc46c8591044,1626.83,4
PA,d941a608aa14794954f62d8c3da2b9dd,1570.21,5
PA,1b3033b0a47ab66dfbe6607550bfe38d,1564.07,6
PA,f94c00f0411b6a3e6cbde94b120fb786,1537.04,7
PA,b0e6870a2c0f7a96e18c84c02da14f94,1481.03,8
PA,ce8c3a9189899cfa9882c8992bf2838f,1476.80,9
PA,fb71ed60806ae68abb00194fa02647a4,1341.26,10
PB,48e1ac109decbb87765a3eade6854098,4681.78,1
PB,95a744604de66a2e40e18086e69be4f2,3406.47,2
PB,fff5eb4918b2bf4b2da476788d42051c,2844.96,3
PB,85475e754525d6d222d917dbc8251801,2438.51,4
PB,8bce6306eb006a2ff6135ba36d33d644,2324.99,5
PB,e0a7e61d37dd4060ab419bdb93a9f05d,2155.35,6
PB,44975ad30406e58b8c7f2a8dae4c46f8,2083.09,7
PB,66ec2bc0802dd4fa439e49dcfcf813b6,1898.27,8
PB,74092b9d4919431b8b4c02fd8569bccd,1635.54,9
PB,3d540559ce0677a17f45eab0cb113c8d,1442.84,10
PE,3fec1a05177762f279472253113d568a,3792.59,1
PE,6f00d356a4be20527662aaf12116baab,3184.55,2
PE,58c1b085b54c03a1f1ab5f13d64c2b1c,3064.72,3
PE,fffcf5a5ff07b0908bd4e2dbc735a684,2067.42,4
PE,5e5a9e721cb83187f5893a8c7109faee,2066.34,5
PE,918c2334c6537fd745c6aea1e3fe54f8,2065.35,6
PE,527f7f3237fb1397c459701bc765b6f0,2017.08,7
PE,e650a740f366df1d65e17eeda8cccb43,1944.86,8
PE,55b2d632bc5b7859767c1efd222c1659,1714.21,9
PE,145f5c920dcccbb95081ceaa800df82e,1692.59,10
PI,a7ca51c5d161c34444a45ff503b78b0c,1989.75,1
PI,66b219a06a37d7129406e32d295a46fb,1816.11,2
PI,9fc8316f4c0d0601664216e0a9327ed5,1727.67,3
PI,97734fdca127fddcb5f92f841690c3f2,1388.68,4
PI,b045295488236fa73d8d9c37dc4b03e7,1247.13,5
PI,a35a5dd77ca1643b8f45340f5cd94606,1205.79,6
PI,b052fa7d7e0a1fab33e1a2633ff40252,1205.00,7
PI,589acbf5a83a1545b7b1956065ac2fa7,1168.71,8
PI,41ef6bfcee3f50fe3d886cf23a0e2481,1146.20,9
PI,f4b8c62563542dad472e6868bf8267cc,1140.12,10
PR,895617ab63a9ad8881d9470f7427cd25,3126.50,1
PR,c21e93b1d7b7a416d0f36fa6ebc1d60a,2827.00,2
PR,d130666a33d3681209c5c752fe56ee10,2791.52,3
PR,f140f377d666848e3712b51a2734d120,2713.36,4
PR,f755e02e22f99b9e1658cbd2186a212d,2419.20,5
PR,87070b00f89fa49dd0b01ff4bf075b8c,2389.78,6
PR,c01158adcf91ee8f143d12388abe5f22,2333.97,7
PR,bd90c3e19e58ff2439e72b0554026418,2314.82,8
PR,ec4b05ce75316354ba9b297f64377ed6,2288.31,9
PR,e197b5ef3ad3220f87041f2475b37c81,2048.12,10
RJ,0a0a92112bd4c708ca5fde585afaa872,13664.08,1
RJ,da122df9eeddfedc1dc1f5349a1a690c,7571.63,2
RJ,a229eba70ec1c2abef51f04987deb7a5,4445.50,3
RJ,f0767ae738c3d90e7b737d7b8b8bb4d1,3979.55,4
RJ,c6111f70f40b3420e387493c627c27fa,3126.50,5
RJ,6172bd5b7f52ade8c6c4548b448ff54f,3041.73,6
RJ,ef8d54b3797ea4db1d63f0ced6a906e9,3018.60,7
RJ,1e7097be947ad5d0f7819bdc9d8d7d0e,2751.24,8
RJ,13d9920a16127351540bcd95ad4643c8,2733.63,9
RJ,d8f1c3ed0de527caf0a7eceeb025b583,2574.38,10
RN,6ae98e2bdf8d09e86cd16479fa511f9e,1821.82,1
RN,38e482d7770a43f5929378c4dec76d5e,1789.02,2
RN,c11f76d3806da64a4c64ea47627444e2,1784.20,3
RN,1159db37e256a4e27f777ebd08b4da05,1359.47,4
RN,0a247a228e8d48fc8afbc28c2e8c1691,1351.03,5
RN,b34584b6d24d0f58b1b4ebcfc0cbb0a6,1159.65,6
RN,a12fc54cae982f13145a7c826cce10a1,1157.41,7
RN,98fa2abe60ee24b1207a9fa5ec0d4667,1120.84,8
RN,2d48cce6ed77d4963cbf11a7bbc979df,1116.69,9
RN,3d17b748f8eed69a279e77fa3c10b20b,1072.41,10
RO,d3ef55d6de8e4be1d4b905e8169224b5,2452.12,1
RO,c705e3b98b76bd8e56d09625ac94216a,2114.63,2
RO,fad1bbf902fbdf64f92f33d010ab8cb7,1500.19,3
RO,5d1fde9eb27149c695624f8bb84cf6f7,1391.39,4
RO,69d93815c9ea08e83377d78cb088a295,1344.36,5
RO,a0931a30dcf7e2106f0939b799c54321,1302.42,6
RO,401da002e87b8f5700cb44af044ca0bc,1279.10,7
RO,905d074d367922a5b2a7b828108a8941,1260.76,8
RO,3ee2f03d9b420dd5b3f09c2df2d985c6,1191.50,9
RO,ac520dc7cb6f47563c95f9f2324a567c,1168.71,10
RR,858ec48dbaddd52e729e8acdc8d2d108,994.77,1
RR,7d0983269f825d3112e5a64364b1258a,763.25,2
RR,660faf14e9201af9e1c4f65968010944,730.95,3
RR,4df43d4c7d3a093a519dbfe0b9dcc0d6,707.72,4
RR,0c04b066b1b4469c7895a82916f8d6b5,624.84,5
RR,dec89c5c369cecbc707083a24f1246f6,499.52,6
RR,5bff7e6ba295452d98a709c9bef2bf45,435.21,7
RR,15b2459300f0b85b233d798c23552cee,434.76,8
RR,63e2ddffbebc468591b9f44db1775cc1,378.34,9
RR,7a4e77ecd194e8434a2ea3e1fa061bbe,287.45,10
RS,c8460e4251689ba205045f3ea17884a1,4655.91,1
RS,7a96eb0a685f5c19b7dad29fc802aa64,3297.40,2
RS,8e07cbdbbb24328ece74135e2a81405b,2455.12,3
RS,5eed8cf8c54bff340300c214ddc32db4,2404.72,4
RS,86df00dc5fd68f4dd5d5945ca19f3ed6,2400.48,5
RS,c5a0eef09ffd9448532ef07854769930,2360.42,6
RS,bd8717655febcdf30f106e9f3cb24628,2217.99,7
RS,46e8adbe1802b0aa1d172eb1a4eba9fe,2150.22,8
RS,ea1c9b1a4cc63f26f5a165203a4ebd4f,2096.14,9
RS,7c82b91749355c6daebaada73da54e2e,2023.00,10
SC,46450c74a0d8c5ca9395da1daac6c120,9553.02,1
SC,5aad27a7b4f74b1c3389d56c74db1057,3782.19,2
SC,931eabdf0636b8fd60369a8d759917d6,3666.42,3
SC,bbeb907759ef5fc169099af3c88d535d,3209.72,4
SC,4683ad127301c1bcbd601a30bb22d2ba,3005.06,5
SC,129bfc164612d70a040a844b887dfec5,2960.05,6
SC,5e92460d739e8dd987e279285a1d278c,2713.36,7
SC,212b7cfb2631b23e85a4645a7cba1733,2647.76,8
SC,575fa0cb05146c256ec1c9d348ec0305,2480.58,9
SC,25d6024f1eadd97cf86cfcfb7e9617dd,2190.40,10
SE,2f0ce2fb407114dbfa866f22c7cf9e9d,1729.98,1
SE,b533e550675cfa12227a15e554a33714,1641.51,2
SE,79e12483f9b14c3254db94bd137a4b70,1480.73,3
SE,8be5c6cc1011c8a882d3bac857955b3d,1368.87,4
SE,749917bd024cd0718406bfaafb482efd,1328.59,5
SE,7fe33c78f78af66702aa8acdd82ffb55,1242.54,6
SE,3e45a109987cde39a119cd1a7eade7ea,1220.00,7
SE,1073528f48c54d7e185df57a6ee88448,1148.88,8
SE,d0ff23ecd52e29e9426030163ee07a09,1080.56,9
SE,345759b8cb3d30586551de1ca6905df0,1056.12,10
SP,ff4159b92c40ebe40454e3e6a7c35ed6,6726.66,1
SP,eebb5dda148d3893cdaf5b5ca3040ccb,4764.34,2
SP,edde2314c6c30e864a128ac95d6b2112,4513.32,3
SP,055ec572ac7f3c7bdd04a183830ebe59,4053.08,4
SP,58483a1c055dfb600f57c5b867174542,4034.44,5
SP,011875f0176909c5cf0b14a9138bb691,4016.91,6
SP,59d66d72939bc9497e19d89c61a96d5f,3559.99,7
SP,2c3b08cf3584d8c0a81d9618a73aa219,3526.46,8
SP,9b11e010850a4045d2da80c7783fdbd1,3256.14,9
SP,f886a3f43af9ac928fbb4b56436c528c,3076.13,10
TO,81d8bf17c9e450228efeedd2603edfaa,2784.16,1
TO,92ce8d58d57d7a8f8b2d5ca4b9810b64,2094.44,2
TO,985289b5cb474a6e97bfe8c85f0aee74,1415.80,3
TO,38d92612568ca6e3d6b478e5fb004a6f,1293.26,4
TO,cbbe4b5beeea8b05dae43cfd1a73e6d9,1237.81,5
TO,18ac369326ec0aafe3ae0e397b14102b,1125.36,6
TO,b6a70553f73cde17709a32cb714a40eb,1020.35,7
TO,8d03a1ff1f1db05d26e88fde44408527,1015.92,8
TO,4ad0a855f1b51a52b45d3a3150fd1ebf,983.39,9
TO,1b8fa1f83767978408ddfdd4105d31e4,864.69,10